r_multiple,max_opening_range,min_gap,breakout_start,breakout_end,trades,final_equity,total_return,win_rate,avg_trade,max_drawdown,profit_factor
1.0,0.03,0.0,09:35,11:00,102,10215.7686773719,0.02157686773718992,0.6764705882352942,0.002096537414768532,-0.004908427875115584,1.7900664677588203
1.0,0.02,0.0,09:35,11:00,99,10214.670651111945,0.02146706511119456,0.6767676767676768,0.002148901384782248,-0.004908427875115584,1.8418329345560414
1.0,0.03,0.0025,09:35,11:00,88,10195.468882909305,0.01954688829093043,0.6704545454545454,0.0022033608470950696,-0.0050773454959842645,1.8675011132645545
1.0,0.03,0.0,09:35,10:30,96,10191.118422972102,0.019111842297210302,0.6666666666666666,0.0019758152525214366,-0.004908427875115473,1.7128021440479309
1.0,0.02,0.0,09:35,10:30,93,10190.023046207016,0.019002304620701516,0.6666666666666666,0.0020276632798829058,-0.004908427875115806,1.760042194246547
1.0,0.015,0.0,09:35,11:00,93,10184.70613254977,0.01847061325497701,0.6774193548387096,0.0019707622526817406,-0.005107149010073586,1.8423190556621944
1.0,0.03,0.0,09:35,10:00,83,10180.961168529942,0.018096116852994282,0.6626506024096386,0.002164731495301194,-0.004002557675657492,1.7841453645223917
1.0,0.02,0.0,09:35,10:00,80,10179.866883501803,0.017986688350180247,0.6625,0.002232089186213143,-0.004057960684137885,1.8457280257128987
1.0,0.02,0.0025,09:35,11:00,86,10175.928736321019,0.017592873632101824,0.6627906976744186,0.0020313668030558537,-0.0050773454959841535,1.7815519085731772
1.0,0.03,0.0025,09:35,10:30,82,10170.867611127813,0.01708676111278118,0.6585365853658537,0.002069843932683339,-0.005077345495984487,1.7752895640571351
1.0,0.015,0.0025,09:35,11:00,81,10162.41995949675,0.016241995949675125,0.6666666666666666,0.0019919013062483417,-0.004101653156392104,1.8559326464249735
1.0,0.015,0.0,09:35,10:30,87,10160.13083086831,0.016013083086831026,0.6666666666666666,0.0018288774417824084,-0.005107149010073253,1.747159879645809
1.0,0.02,0.0025,09:35,10:30,80,10151.374614156912,0.015137461415691167,0.65,0.0018816124124808888,-0.005077345495984487,1.6875367030044697
1.0,0.015,0.0,09:35,10:00,74,10150.004461049844,0.01500044610498441,0.6621621621621622,0.002014956585175821,-0.003727642734042136,1.847043366065562
1.0,0.01,0.0,09:35,11:00,71,10145.636574000428,0.014563657400042729,0.7183098591549296,0.0020384321216845246,-0.002966693353715244,2.0779682657863408
1.0,0.03,0.0025,09:35,10:00,72,10144.326661628978,0.014432666162897734,0.6388888888888888,0.001994115772485936,-0.005604211912676904,1.7072681977910564
1.0,0.015,0.0025,09:35,10:30,75,10137.898433488235,0.013789843348823494,0.6533333333333333,0.0018290060498904448,-0.004101653156392215,1.7460506985598878
1.0,0.03,0.005,09:35,11:00,78,10128.951867491352,0.012895186749135146,0.6410256410256411,0.0016462313297168258,-0.005577181047892621,1.5772768498143996
1.0,0.02,0.005,09:35,11:00,77,10126.463967271096,0.012646396727109543,0.6363636363636364,0.0016357040720349932,-0.005577181047892621,1.566143392854777
1.0,0.02,0.0025,09:35,10:00,70,10124.884531768737,0.012488453176873637,0.6285714285714286,0.0017768303733917818,-0.006391246748149282,1.612577424847788
1.0,0.01,0.0,09:35,10:30,65,10121.155545651493,0.012115554565149234,0.7076923076923077,0.0018547712088502913,-0.002966693353714911,1.9302216899837126
1.0,0.01,0.0,09:35,10:00,54,10113.24231647781,0.011324231647781069,0.7037037037037037,0.002087358637549211,-0.002592256696301587,2.0952211631368236
1.0,0.01,0.0025,09:35,11:00,60,10113.214897156906,0.01132148971569058,0.7,0.0018782571100033802,-0.002966693353715355,1.9769192116133345
1.0,0.015,0.005,09:35,11:00,72,10113.020856052693,0.011302085605269241,0.6388888888888888,0.0015638288095834267,-0.004101653156392104,1.6006932855219367
1.0,0.015,0.0025,09:35,10:00,65,10111.443517286883,0.01114435172868844,0.6307692307692307,0.0017080705673959533,-0.003727642734042136,1.6610006481773227
1.0,0.03,0.005,09:35,10:30,73,10110.41344176234,0.011041344176234036,0.6301369863013698,0.0015079285850154974,-0.005577181047892843,1.5052656693706667
1.0,0.02,0.005,09:35,10:30,72,10107.930094999747,0.010793009499974637,0.625,0.001494749396318241,-0.005577181047892843,1.4938999961168427
1.0,0.02,0.01,09:35,11:00,55,10102.400536167583,0.010240053616758171,0.6545454545454545,0.0018565425117713975,-0.005604211912676904,1.6053372941761157
1.0,0.03,0.01,09:35,11:00,55,10102.400536167583,0.010240053616758171,0.6545454545454545,0.0018565425117713975,-0.005604211912676904,1.6053372941761157
0.5,0.01,0.0,09:35,11:00,71,10096.98455868654,0.009698455868653921,0.8450704225352113,0.001360367818411044,-0.0021258174462597257,2.0957721390352386
1.5,0.03,0.0,09:35,10:00,83,10096.922937110889,0.009692293711088817,0.5301204819277109,0.0011672145738674496,-0.0059995549839868545,1.3235577956689661
1.5,0.02,0.0,09:35,10:00,80,10095.837684803433,0.009583768480343258,0.525,0.001197165380225633,-0.007338568691710012,1.3404003690332755
2.0,0.03,0.0,09:35,11:00,102,10095.772134188546,0.009577213418854535,0.5294117647058824,0.0009393590349633603,-0.0070885857642714045,1.267509341919707
1.5,0.03,0.0,09:35,11:00,102,10095.727673326404,0.009572767332640453,0.5392156862745098,0.0009386191323567171,-0.006407412698653858,1.2677069538876884
1.0,0.02,0.01,09:35,10:30,54,10094.931887541657,0.009493188754165827,0.6481481481481481,0.0017539152604238645,-0.005604211912676904,1.5612569631236448
1.0,0.03,0.01,09:35,10:30,54,10094.931887541657,0.009493188754165827,0.6481481481481481,0.0017539152604238645,-0.005604211912676904,1.5612569631236448
2.0,0.02,0.0,09:35,11:00,99,10094.687005573369,0.00946870055733684,0.5252525252525253,0.0009566569934678289,-0.00874807820575807,1.278497068896579
1.5,0.02,0.0,09:35,11:00,99,10094.64254949004,0.009464254949004047,0.5353535353535354,0.0009558946695700754,-0.007853827991030182,1.2786993376946156
1.0,0.015,0.005,09:35,10:30,67,10094.51158791829,0.009451158791829117,0.6268656716417911,0.0014069913026600836,-0.004101653156392215,1.515570602045178
2.0,0.03,0.0,09:35,10:00,83,10089.782478241008,0.008978247824100727,0.5180722891566265,0.0010822328250668792,-0.0069197090746452306,1.2994285309612204
1.0,0.03,0.005,09:35,10:00,64,10089.098873303596,0.008909887330359467,0.609375,0.0013899110694281305,-0.006391246748148838,1.440310492833193
1.0,0.015,0.01,09:35,11:00,50,10088.989369701228,0.008898936970122895,0.66,0.001775125977814782,-0.0025962225835314268,1.6637745155708497
1.0,0.01,0.0025,09:35,10:30,54,10088.812101059259,0.008881210105925907,0.6851851851851852,0.001639386565479083,-0.002966693353715133,1.7996782477503295
2.0,0.02,0.0,09:35,10:00,80,10088.697993414842,0.00886979934148413,0.5125,0.0011089968158450412,-0.008579483766477214,1.3147340659429458
1.0,0.02,0.005,09:35,10:00,63,10086.620761882257,0.008662076188225676,0.6031746031746031,0.0013729758455901968,-0.006391246748148838,1.4280675136518397
0.5,0.01,0.0,09:35,10:00,54,10082.892864539966,0.008289286453996736,0.8518518518518519,0.001529655853446316,-0.0021258174462599477,2.3432389151269004
0.5,0.015,0.0,09:35,11:00,93,10082.597297014472,0.008259729701447283,0.7741935483870968,0.0008859500311128516,-0.004969254647976373,1.480569253913152
1.0,0.015,0.01,09:35,10:30,49,10081.530635876212,0.008153063587621245,0.6530612244897959,0.001660364996044917,-0.0025962225835314268,1.6082307013582338
1.0,0.01,0.01,09:35,11:00,33,10080.878800149661,0.008087880014966187,0.7575757575757576,0.0024432576318735907,-0.0021258174462596147,2.327308153092894
0.5,0.03,0.0,09:35,11:00,102,10080.83789240083,0.008083789240083128,0.7647058823529411,0.0007913475941892425,-0.005078741849563806,1.3595758884640372
0.5,0.03,0.0025,09:35,11:00,88,10080.603454845244,0.0080603454845245,0.7613636363636364,0.0009141957631203739,-0.005083400612347244,1.4339282132095852
0.5,0.01,0.0,09:35,10:30,65,10080.434031487577,0.008043403148757733,0.8307692307692308,0.0012335166103734079,-0.0021258174462597257,1.9096700529721515
1.0,0.01,0.005,09:35,11:00,53,10079.590670452137,0.007959067045213652,0.6792452830188679,0.001497774886272308,-0.002966693353714911,1.693701892486543
1.0,0.02,0.01,09:35,10:00,49,10079.340644985918,0.007934064498591686,0.6326530612244898,0.001617146376059798,-0.005604211912677015,1.4965819945648284
1.0,0.03,0.01,09:35,10:00,49,10079.340644985918,0.007934064498591686,0.6326530612244898,0.001617146376059798,-0.005604211912677015,1.4965819945648284
0.5,0.02,0.0,09:35,11:00,99,10078.846821263029,0.007884682126302778,0.7676767676767676,0.0007951062245926436,-0.005383233380094388,1.381182046674821
0.5,0.01,0.0025,09:35,11:00,60,10076.163167332375,0.007616316733237483,0.8333333333333334,0.0012655381868070582,-0.0021258174462597257,1.9819866420563332
1.0,0.01,0.0025,09:35,10:00,45,10074.821036002175,0.0074821036002175045,0.6666666666666666,0.0016585592445640803,-0.002592256696301698,1.7867995341368168
1.0,0.01,0.01,09:35,10:30,32,10073.426062423685,0.007342606242368488,0.75,0.0022884089927278223,-0.0021258174462596147,2.205200244707404
1.0,0.015,0.005,09:35,10:00,58,10073.23054342514,0.007323054342514013,0.603448275862069,0.0012611023968188734,-0.003727642734042247,1.4379914857358616
0.5,0.015,0.0,09:35,10:00,74,10072.779142288007,0.0072779142288006415,0.7702702702702703,0.0009814249331519562,-0.00397276940718605,1.5396160708115885
1.5,0.03,0.0,09:35,10:30,96,10072.066588947058,0.007206658894705731,0.53125,0.0007527139676707985,-0.009475678578831137,1.2059659780879484
0.5,0.015,0.0025,09:35,11:00,81,10071.974612782573,0.007197461278257267,0.7654320987654321,0.0008868629548252695,-0.003963619430333298,1.4773209223558854
0.5,0.03,0.0,09:35,10:00,83,10071.021450933978,0.007102145093397905,0.7590361445783133,0.0008548138164705094,-0.005706939164933811,1.3781277570193462
1.5,0.02,0.0,09:35,10:30,93,10070.984008286126,0.007098400828612572,0.5268817204301075,0.0007651071148757955,-0.010641239877280162,1.2138816149056317
1.0,0.01,0.01,09:35,10:00,28,10070.198134476506,0.00701981344765068,0.75,0.0025006069450675445,-0.0021258174462598367,2.358539360039399
2.0,0.03,0.0025,09:35,11:00,88,10069.177703507079,0.006917770350707952,0.5227272727272727,0.0007878745498303016,-0.006281448547462709,1.2295670983128606
0.5,0.02,0.0,09:35,10:00,80,10069.032318646252,0.006903231864625159,0.7625,0.0008618451049302658,-0.005404036172556248,1.4064651087054745
2.0,0.03,0.0,09:35,10:30,96,10068.5950288087,0.006859502880870005,0.5208333333333334,0.0007170686163041907,-0.010138112598547577,1.195819686195059
2.0,0.02,0.0,09:35,10:30,93,10067.512821283095,0.006751282128309555,0.5161290322580645,0.0007283119134651034,-0.011792508244229283,1.2031916592782455
0.5,0.015,0.0,09:35,10:30,87,10066.070352773788,0.0066070352773788255,0.7586206896551724,0.0007584576719607192,-0.004969254647976706,1.3847907464525222
1.0,0.015,0.01,09:35,10:00,44,10065.960091049557,0.006596009104955725,0.6363636363636364,0.0014974234811418715,-0.0028724863301143877,1.5289978284659804
1.5,0.03,0.0025,09:35,11:00,88,10064.461771350476,0.006446177135047693,0.5227272727272727,0.000734396553391389,-0.005712395920386748,1.2139196593872714
0.5,0.03,0.0,09:35,10:30,96,10064.313832097805,0.006431383209780428,0.75,0.0006698949913998969,-0.006209525706452501,1.2863149257419597
0.5,0.03,0.0025,09:35,10:30,82,10064.079778821815,0.006407977882181504,0.7439024390243902,0.0007809962405082962,-0.005083400612347355,1.3452842470374557
0.5,0.02,0.0,09:35,10:30,93,10062.326024635107,0.00623260246351065,0.7526881720430108,0.000669978288190958,-0.006202562240694487,1.3015828063162946
1.0,0.01,0.005,09:35,10:30,48,10061.142587623064,0.006114258762306424,0.6666666666666666,0.0012719752491802336,-0.002966693353715244,1.5560768050548333
0.5,0.02,0.0025,09:35,11:00,86,10060.377569179636,0.00603775691796371,0.7558139534883721,0.0007017983548063591,-0.005083400612347466,1.3252129690613663
0.5,0.01,0.0025,09:35,10:30,54,10059.64676963039,0.0059646769630390395,0.8148148148148148,0.0011023102921390903,-0.0021258174462597257,1.7698479778602703
0.5,0.015,0.0025,09:35,10:30,75,10055.46508077257,0.005546508077256984,0.7466666666666667,0.0007390448521057895,-0.003963619430333409,1.3682029448566468
0.5,0.01,0.005,09:35,11:00,53,10054.72707326509,0.005472707326509063,0.8113207547169812,0.0010307932773985053,-0.0021258174462597257,1.7068308566532768
0.5,0.01,0.0025,09:35,10:00,45,10053.35256807143,0.005335256807142974,0.8222222222222222,0.0011834653235492625,-0.0021258174462598367,1.8657867252936107
1.5,0.015,0.0,09:35,10:00,74,10052.276869994828,0.005227686999482728,0.5135135135135135,0.0007083105671246374,-0.007953106827476852,1.212759059581058
1.0,0.01,0.005,09:35,10:00,40,10052.240002447174,0.005224000244717253,0.65,0.0013047373007119944,-0.002592256696301809,1.5553796969199924
0.5,0.03,0.0025,09:35,10:00,72,10051.872725436784,0.005187272543678345,0.7361111111111112,0.0007207402269528691,-0.005649522217595404,1.3058266479904956
1.5,0.015,0.0,09:35,11:00,93,10051.086891367746,0.005108689136774647,0.5268817204301075,0.0005513475681355913,-0.00903486530928832,1.1682743343236706
2.0,0.02,0.0025,09:35,11:00,86,10049.879600535103,0.004987960053510321,0.5116279069767442,0.0005829622198081842,-0.007942289989566476,1.1656852403461881
1.5,0.03,0.0025,09:35,10:00,72,10049.049105414606,0.004904910541460694,0.5,0.0006842911568476187,-0.007078102452359736,1.1856620041115193
2.0,0.015,0.0,09:35,11:00,93,10047.82934590861,0.004782934590860988,0.5161290322580645,0.0005167379781429747,-0.01091209276002103,1.1573832770741972
2.0,0.03,0.0025,09:35,10:00,72,10046.603638233655,0.004660363823365543,0.5,0.0006506398856017762,-0.0081916265378571,1.176477545309858
1.5,0.02,0.0025,09:35,11:00,86,10045.172706707835,0.0045172706707834465,0.5116279069767442,0.000528240549033483,-0.007175176789424587,1.1500521418421992
0.5,0.02,0.0025,09:35,10:30,80,10043.887046526788,0.004388704652678932,0.7375,0.000549339038505428,-0.005237136912787155,1.2366022108305004
0.5,0.015,0.0025,09:35,10:00,65,10043.26847643815,0.004326847643814968,0.7384615384615385,0.0006658456696440078,-0.004659289984972892,1.3212560745864617
0.5,0.01,0.005,09:35,10:30,48,10042.587277694112,0.004258727769411275,0.7916666666666666,0.0008864465059704869,-0.0021258174462599477,1.5504598486042913
2.0,0.03,0.0025,09:35,10:30,82,10042.072188455897,0.004207218845589722,0.5121951219512195,0.0005165478778537328,-0.009419185218793591,1.1432730915642961
2.0,0.015,0.0,09:35,10:00,74,10041.86813363069,0.004186813363069142,0.5,0.0005684774983997956,-0.009673587528949534,1.170253865272271
1.5,0.03,0.0025,09:35,10:30,82,10040.873964021452,0.00408739640214506,0.5121951219512195,0.0005018083670055336,-0.00830703933920185,1.1391820517703033
2.0,0.01,0.0,09:35,11:00,71,10039.098622275716,0.003909862227571725,0.5352112676056338,0.0005524451700074057,-0.007812274013166864,1.1891926820081133
0.5,0.01,0.005,09:35,10:00,40,10038.575160599916,0.003857516059991628,0.8,0.000963595259248676,-0.0021258174462597257,1.6267808260038985
0.5,0.015,0.005,09:35,11:00,72,10038.133607952159,0.003813360795215992,0.7361111111111112,0.0005301773538900907,-0.003963619430333631,1.2535036649951596
0.5,0.03,0.005,09:35,11:00,78,10037.932953099531,0.003793295309953093,0.7307692307692307,0.00048742114535202456,-0.005308518621355063,1.2047884265131756
1.5,0.01,0.0,09:35,11:00,71,10036.760380953094,0.003676038095309364,0.5492957746478874,0.0005193574003131859,-0.007161501836746242,1.1781759964822243
2.0,0.015,0.0025,09:35,11:00,81,10031.9133368733,0.0031913336873299336,0.5061728395061729,0.00039699367080387317,-0.00896328666028634,1.1200828691492666
1.5,0.03,0.005,09:35,11:00,78,10031.764125479376,0.003176412547937657,0.5128205128205128,0.00041076835170431394,-0.007421243401561584,1.1125744395911854
0.5,0.02,0.0025,09:35,10:00,70,10031.704485570923,0.0031704485570922536,0.7285714285714285,0.00045426753856229346,-0.006520530302636329,1.1870124836559774
1.5,0.01,0.0,09:35,10:00,54,10030.911061391726,0.003091106139172517,0.5370370370370371,0.0005741880661721626,-0.006594143417183118,1.1948388632549691
1.5,0.02,0.0025,09:35,10:00,70,10029.789579948178,0.0029789579948178435,0.4857142857142857,0.0004295821973066549,-0.008737612415023022,1.1128673052823899
0.5,0.01,0.01,09:35,11:00,33,10029.719974149497,0.0029719974149498007,0.7878787878787878,0.0009004919624605607,-0.0021258174462596147,1.5268619251458486
1.5,0.02,0.005,09:35,11:00,77,10029.300096771982,0.002930009677198253,0.5064935064935064,0.00038419612028205895,-0.007421243401561584,1.10384232501127
2.0,0.03,0.005,09:35,11:00,78,10029.14204785095,0.002914204785094965,0.5128205128205128,0.0003772938711388342,-0.008188166476576164,1.1033602491352636
1.5,0.015,0.0,09:35,10:30,87,10027.530430383844,0.0027530430383844173,0.5172413793103449,0.0003195024509496725,-0.011357363540976939,1.0930455848718452
2.0,0.01,0.01,09:35,11:00,33,10027.370164585274,0.0027370164585274193,0.6060606060606061,0.0008312425371723433,-0.004316129635599797,1.2927349504046117
2.0,0.02,0.0025,09:35,10:00,70,10027.348799632315,0.002734879963231407,0.4857142857142857,0.00039496946116807417,-0.009849275423312043,1.103661965729932
2.0,0.02,0.005,09:35,11:00,77,10026.67866318527,0.0026678663185271123,0.5064935064935064,0.0003502869062027418,-0.008188166476576164,1.0946237167773694
0.5,0.02,0.005,09:35,11:00,77,10026.575529460204,0.002657552946020436,0.7272727272727273,0.0003466432292543709,-0.005308518621355063,1.1434788709736983
0.5,0.01,0.01,09:35,10:30,32,10026.261708900103,0.002626170890010382,0.78125,0.0008208446162165442,-0.0021258174462596147,1.4655816031245092
1.5,0.015,0.0025,09:35,11:00,81,10026.245178395158,0.002624517839515894,0.5061728395061729,0.0003269216206429814,-0.007153480622016706,1.0987588641778798
2.0,0.01,0.0,09:35,10:00,54,10026.108357299809,0.002610835729980776,0.5185185185185185,0.00048567466676410043,-0.007165061354434177,1.1642891075284039
0.5,0.015,0.005,09:35,10:30,67,10026.013846865979,0.002601384686597985,0.7164179104477612,0.0003894053442470018,-0.0040846578968242175,1.1730618270196578
0.5,0.03,0.005,09:35,10:30,73,10025.8134342784,0.0025813434278398883,0.7123287671232876,0.0003552909304372673,-0.005583076492499339,1.1394550540815052
1.5,0.01,0.01,09:35,11:00,33,10024.913396539223,0.002491339653922342,0.6060606060606061,0.0007566737351987258,-0.0032685642574976637,1.2663873048053749
1.5,0.01,0.01,09:35,10:00,28,10024.224155453698,0.002422415545369816,0.6071428571428571,0.0008667275792981369,-0.0032687868549066135,1.315009702906223
0.5,0.01,0.01,09:35,10:00,28,10024.160044084472,0.0024160044084471366,0.7857142857142857,0.0008630091866223821,-0.0021258174462598367,1.5120292126684978
1.5,0.02,0.01,09:35,11:00,55,10023.76400246664,0.0023764002466639678,0.5272727272727272,0.0004365214695965453,-0.0062284766038235295,1.1105595917637372
1.5,0.03,0.01,09:35,11:00,55,10023.76400246664,0.0023764002466639678,0.5272727272727272,0.0004365214695965453,-0.0062284766038235295,1.1105595917637372
1.5,0.03,0.005,09:35,10:00,64,10023.689869560332,0.00236898695603327,0.5,0.0003743369190606829,-0.008262188130990444,1.096605659245853
2.0,0.02,0.0025,09:35,10:30,80,10022.826034613829,0.0022826034613827595,0.5,0.0002894839562805424,-0.011074782436472752,1.0778088655113829
2.0,0.01,0.01,09:35,10:00,28,10022.727058666065,0.0022727058666065503,0.6071428571428571,0.000813569130114576,-0.004316351999058998,1.2956158062766634
1.5,0.02,0.0025,09:35,10:30,80,10021.630106638855,0.0021630106638854674,0.5,0.0002743759576611382,-0.0099644953306397,1.0737266508033754
1.5,0.02,0.005,09:35,10:00,63,10021.227824073248,0.0021227824073248858,0.49206349206349204,0.0003412814706137421,-0.008262188130990444,1.086566170296551
2.0,0.015,0.0,09:35,10:30,87,10020.781299127946,0.0020781299127945463,0.5057471264367817,0.00024230571915214027,-0.013574647533217687,1.0701685332965514
2.0,0.01,0.005,09:35,11:00,53,10020.003349109953,0.0020003349109953827,0.5283018867924528,0.0003798783621913169,-0.006779270438564078,1.1246486027874874
1.5,0.02,0.01,09:35,10:00,49,10019.980177176169,0.0019980177176168734,0.5102040816326531,0.000412618926939596,-0.007127890923644298,1.1007838296920525
1.5,0.03,0.01,09:35,10:00,49,10019.980177176169,0.0019980177176168734,0.5102040816326531,0.000412618926939596,-0.007127890923644298,1.1007838296920525
0.5,0.015,0.005,09:35,10:00,58,10016.119294396143,0.0016119294396144124,0.7068965517241379,0.00027939581004539886,-0.004659289984972559,1.1199178096120972
0.5,0.03,0.005,09:35,10:00,64,10015.919079593332,0.001591907959333172,0.703125,0.00025079745062507076,-0.006520530302636218,1.094081475726405
0.5,0.02,0.005,09:35,10:30,72,10014.469723273956,0.001446972327395546,0.7083333333333334,0.00020290162829234945,-0.005583076492499339,1.078174431207395
1.5,0.03,0.005,09:35,10:30,73,10014.099066584798,0.0014099066584798425,0.5068493150684932,0.00019729610796574267,-0.009545992520314406,1.0513441996517776
2.0,0.03,0.005,09:35,10:00,64,10013.938985447783,0.001393898544778338,0.5,0.00022214997061642712,-0.009374384309504102,1.0569096815778878
1.5,0.01,0.01,09:35,10:30,32,10013.550398933094,0.0013550398933093177,0.59375,0.00042570662921096597,-0.0032685642574976637,1.1449134306884101
1.5,0.01,0.0,09:35,10:30,65,10013.237496624863,0.0013237496624862732,0.5384615384615384,0.00020608868951150344,-0.009347639383704087,1.0666158103216672
2.0,0.01,0.0025,09:35,11:00,60,10013.076652587592,0.0013076652587591386,0.5166666666666667,0.00022045153487051014,-0.007566123274861725,1.0731417025435956
1.5,0.02,0.01,09:35,10:30,54,10012.402307670978,0.001240230767097783,0.5185185185185185,0.0002344640685370917,-0.006964219305178432,1.0577132206687143
1.5,0.03,0.01,09:35,10:30,54,10012.402307670978,0.001240230767097783,0.5185185185185185,0.0002344640685370917,-0.006964219305178432,1.0577132206687143
2.0,0.02,0.01,09:35,11:00,55,10012.357041374982,0.0012357041374981836,0.5272727272727272,0.00022935785869448696,-0.0075066047423421045,1.0575573431854781
2.0,0.03,0.01,09:35,11:00,55,10012.357041374982,0.0012357041374981836,0.5272727272727272,0.00022935785869448696,-0.0075066047423421045,1.0575573431854781
2.0,0.01,0.0,09:35,10:30,65,10012.0740779863,0.0012074077986301557,0.5230769230769231,0.00018842419491485164,-0.010382182179828225,1.0606604719338857
2.0,0.01,0.01,09:35,10:30,32,10012.05489624854,0.001205489624854117,0.59375,0.00037919298617535013,-0.004316129635600019,1.1289623731448968
1.5,0.02,0.005,09:35,10:30,72,10011.639376816363,0.0011639376816363622,0.5,0.00016591369042057313,-0.009545992520314628,1.0423867787852932
2.0,0.02,0.005,09:35,10:00,63,10011.479334998907,0.0011479334998907298,0.49206349206349204,0.00018667885632116485,-0.009374384309504102,1.0468677976762628
1.5,0.015,0.0025,09:35,10:00,65,10010.891037156769,0.0010891037156768313,0.47692307692307695,0.0001711187364102738,-0.007643477531310894,1.0476254653287806
1.5,0.015,0.005,09:35,11:00,72,10010.402476284951,0.0010402476284951945,0.5,0.00014770924051278457,-0.00605125331627987,1.0421271673222252
2.0,0.015,0.0025,09:35,10:00,65,10009.42281449379,0.0009422814493789122,0.47692307692307695,0.00014876305712884741,-0.009798165263496084,1.0412213436472164
1.5,0.01,0.005,09:35,11:00,53,10008.76456426851,0.0008764564268508579,0.5283018867924528,0.00016773195500952126,-0.005907646193209493,1.0546244315568283
2.0,0.015,0.005,09:35,11:00,72,10008.753876055933,0.0008753876055933585,0.5,0.00012491428068362516,-0.007863068544888163,1.0354769862993538
2.0,0.03,0.005,09:35,10:30,73,10007.98685356145,0.0007986853561450236,0.5068493150684932,0.00011361893973040866,-0.01065674896110802,1.0291102128046994
2.0,0.01,0.005,09:35,10:00,40,10007.904119166311,0.0007904119166310952,0.525,0.00020026804333304337,-0.005981342015749402,1.0639307935298887
2.0,0.02,0.005,09:35,10:30,72,10005.528665091117,0.0005528665091116824,0.5,8.107433929308171e-05,-0.010656748961107798,1.020150675508239
2.0,0.015,0.0025,09:35,10:30,75,10004.90813486458,0.0004908134864578528,0.49333333333333335,6.907270578737709e-05,-0.011545548035144182,1.0190194200234675
1.5,0.015,0.01,09:35,11:00,50,10004.8768133166,0.0004876813316598838,0.52,0.00010121289766023889,-0.004141930839022923,1.027120734581604
2.0,0.02,0.01,09:35,10:00,49,10004.630964544493,0.00046309645444919667,0.5102040816326531,9.94922811868961e-05,-0.008404862290487092,1.0233870359222144
2.0,0.03,0.01,09:35,10:00,49,10004.630964544493,0.00046309645444919667,0.5102040816326531,9.94922811868961e-05,-0.008404862290487092,1.0233870359222144
0.5,0.02,0.005,09:35,10:00,63,10004.586563560832,0.0004586563560831092,0.6984126984126984,7.497962151005039e-05,-0.006520530302636218,1.027107686048208
1.5,0.01,0.005,09:35,10:00,40,10003.797531268261,0.00037975312682614337,0.525,9.739793422528786e-05,-0.005154045152585773,1.0307082304660076
1.5,0.015,0.0025,09:35,10:30,75,10002.746938263255,0.00027469382632561157,0.49333333333333335,4.002720890790683e-05,-0.009394662622940642,1.0106439826106572
1.5,0.015,0.005,09:35,10:00,58,10002.345413695046,0.00023454136950462612,0.4827586206896552,4.401201213565013e-05,-0.006456800102312532,1.011166788479091
1.5,0.01,0.0025,09:35,11:00,60,10001.84563697029,0.00018456369702901654,0.5166666666666667,3.305554185992395e-05,-0.0065219772358857675,1.010325348612516
0.5,0.015,0.01,09:35,11:00,50,10001.120403937683,0.00011204039376822017,0.68,2.429112799664514e-05,-0.004118595965193594,1.0086731477662843
1.5,0.015,0.01,09:35,10:00,44,10001.100117665646,0.00011001176656466605,0.5,2.8870260800958134e-05,-0.004517852792780386,1.006742778354212
2.0,0.01,0.005,09:35,10:30,48,9998.8674317383,-0.0001132568261700273,0.5208333333333334,-2.085804484102995e-05,-0.007754497774674185,0.9925950418405972
0.5,0.015,0.01,09:35,10:30,49,9997.671999870858,-0.00023280001291425823,0.673469387755102,-4.5605115151772044e-05,-0.004216373319405942,0.9819776540130255
2.0,0.02,0.01,09:35,10:30,54,9997.064703278866,-0.00029352967211349057,0.5185185185185185,-4.96693692755434e-05,-0.008295697581014116,0.9863237477111158
2.0,0.03,0.01,09:35,10:30,54,9997.064703278866,-0.00029352967211349057,0.5185185185185185,-4.96693692755434e-05,-0.008295697581014116,0.9863237477111158
2.0,0.015,0.01,09:35,11:00,50,9994.457857142777,-0.000554214285722221,0.52,-0.00010727162680386648,-0.006130537246783141,0.9691428949099633
2.0,0.01,0.0025,09:35,10:00,45,9993.713958068027,-0.0006286041931973241,0.4888888888888889,-0.00013714009250996367,-0.007719736906757091,0.9556957522261192
2.0,0.015,0.005,09:35,10:00,58,9993.58171985059,-0.0006418280149409483,0.4827586206896552,-0.00010719820034752968,-0.00806341161112989,0.9694056814873978
1.5,0.015,0.01,09:35,10:30,49,9993.536526694417,-0.000646347330558239,0.5102040816326531,-0.00012830563762847132,-0.0052707119474785236,0.9640462356914546
1.5,0.015,0.005,09:35,10:30,67,9992.775033385544,-0.0007224966614456374,0.4925373134328358,-0.00010451119753010123,-0.007887373543951304,0.9698152449641791
1.5,0.01,0.005,09:35,10:30,48,9991.140005588863,-0.0008859994411137828,0.5208333333333334,-0.00018224004033193011,-0.006874305414907522,0.9420653897243074
0.5,0.015,0.01,09:35,10:00,44,9989.70280306869,-0.001029719693130926,0.6590909090909091,-0.0002322045523004362,-0.005531619862581771,0.9141308229480447
1.5,0.01,0.0025,09:35,10:00,45,9989.61319288202,-0.0010386807117980235,0.4888888888888889,-0.00022858018949463524,-0.0068938868661736485,0.9268074360951827
0.5,0.02,0.01,09:35,11:00,55,9989.604943081027,-0.0010395056918972578,0.6727272727272727,-0.00018666698959395828,-0.005980847355246732,0.9365815358503282
0.5,0.03,0.01,09:35,11:00,55,9989.604943081027,-0.0010395056918972578,0.6727272727272727,-0.00018666698959395828,-0.005980847355246732,0.9365815358503282
2.0,0.015,0.005,09:35,10:30,67,9987.641688010986,-0.0012358311989013604,0.4925373134328358,-0.00018120762894460035,-0.01004153170865174,0.9483255851904367
2.0,0.015,0.01,09:35,10:00,44,9986.74559229202,-0.001325440770797992,0.5,-0.0002977986770507318,-0.006897460739122008,0.9186644936964526
0.5,0.02,0.01,09:35,10:30,54,9986.160509565543,-0.0013839490434456314,0.6666666666666666,-0.00025399799018401464,-0.006078441870405071,0.9155633626323191
0.5,0.03,0.01,09:35,10:30,54,9986.160509565543,-0.0013839490434456314,0.6666666666666666,-0.00025399799018401464,-0.006078441870405071,0.9155633626323191
2.0,0.01,0.0025,09:35,10:30,54,9986.122157602293,-0.0013877842397707063,0.5,-0.00025461004275610807,-0.009347725790791572,0.9189364668155438
2.0,0.015,0.01,09:35,10:30,49,9979.192857302352,-0.0020807142697647496,0.5102040816326531,-0.00042164101039325407,-0.007648520253684121,0.8841109937709739
1.5,0.01,0.0025,09:35,10:30,54,9978.404581384895,-0.002159541861510461,0.5,-0.000398060705414686,-0.008468946737635097,0.8738380894362398
0.5,0.02,0.01,09:35,10:00,49,9978.200488632687,-0.0021799511367313062,0.6530612244897959,-0.00044282124752488067,-0.007391228964400032,0.859048205746771
0.5,0.03,0.01,09:35,10:00,49,9978.200488632687,-0.0021799511367313062,0.6530612244897959,-0.00044282124752488067,-0.007391228964400032,0.859048205746771
